number,value,datetime_start,datetime_complete,duration,params_bagging_temperature,params_border_count,params_depth,params_grow_policy,params_iterations,params_l2_leaf_reg,params_learning_rate,params_min_data_in_leaf,params_random_strength,params_top_k,user_attrs_cv_seeds,user_attrs_param_sig,user_attrs_per_seed_details,user_attrs_rmse_mean,user_attrs_rmse_seed_means,user_attrs_rmse_std_across_seeds,user_attrs_selected_features,user_attrs_used_stratified_any,state
0,1.3404640765409,2025-12-15 08:56:00.793514,2025-12-15 08:56:06.257947,0 days 00:00:05.464433,0.780093202212183,66,9,Depthwise,1467,0.625137357452175,0.253699907668177,44,0.116167224336399,46,"[42, 1042, 2042]",c74e121dd6e5,"[{'cv_seed': 42, 'used_stratified': True, 'fold_rmses': [1.3614339894677367, 1.303199687119192, 1.1972229162707269, 1.2830005889556892, 1.3474086584196194], 'seed_mean': 1.2984531680465927}, {'cv_seed': 1042, 'used_stratified': True, 'fold_rmses': [1.457744098052264, 1.2291020878903238, 1.3391417911431567, 1.382459125369979, 1.363466829275314], 'seed_mean': 1.3543827863462075}, {'cv_seed': 2042, 'used_stratified': True, 'fold_rmses': [1.4753150942617768, 1.3643022662312807, 1.3636844690541197, 1.3697349054251167, 1.269744641177217], 'seed_mean': 1.3685562752299023}]",1.3404640765409006,"[1.2984531680465927, 1.3543827863462075, 1.3685562752299023]",0.030264492629393302,"['material_share_mid_quality', 'ambient_share_cells_risk_q75plus', 'dengue_incid_prev3', 'dengue_reg_prev3', 'ambient_risk_mean', 'material_hh_qual3', 'ambient_n_cells_total', 'ambient_share_cells_risk_q90plus', 'ambient_risk_std', 'ivsd_housing_vul', 'ivsd_basic_services_vul', 'material_share_qual2', 'renabap_energy_grid_but_nonstandard_or_informal__share_families', 'estrato_share_seg5', 'material_share_qual1', 'dengue_n_years_with', 'ivsd_demographic_vul', 'ivsd_youth_education_gap', 'dengue_years_since_last_epidemic', 'excl_incidence_std', 'cov_prepaga_to_plan_ratio', 'ivsd_income_vul', 'excl_share_radios_incidence_q90plus', 'refes_n_primary_care', 'dwellings_share_collective', 'excl_share_radios_missing', 'dwellings_people_per_private', 'renabap_housing__top_share_families', 'estrato_share_seg3', 'mort_maternal_infant_per_10k_2020', 'refes_hospitals_per_100k', 'estrato_share_seg4', 'renabap_villa__share_families', 'refes_estabs_per_10k', 'refes_private_share', 'dengue_volatility_incid', 'renabap_water__entropy_families', 'renabap_energy__entropy_families', 'renabap_families_max', 'renabap_water_precarious__share_families', 'dwellings_people_per_collective', 'renabap_heating__top_share_families', 'refes_hospital_share_total', 'dwellings_collective', 'cov_herfindahl', 'refes_n_hospitals']",True,COMPLETE
1,1.30502441524808,2025-12-15 08:56:06.830589,2025-12-15 08:56:24.572597,0 days 00:00:17.742008,1.52121121479769,149,5,SymmetricTree,803,0.035498788321965,0.0205897281976879,15,0.863890037284232,79,"[42, 1042, 2042]",f269f2a1b094,"[{'cv_seed': 42, 'used_stratified': True, 'fold_rmses': [1.3169609374574565, 1.1396575066577643, 1.2355786297506068, 1.3503731885334027, 1.3017217250892914], 'seed_mean': 1.2688583974977043}, {'cv_seed': 1042, 'used_stratified': True, 'fold_rmses': [1.4323099834766415, 1.2336416185952641, 1.3349596355823539, 1.2524559334343042, 1.345880586930365], 'seed_mean': 1.3198495516037858}, {'cv_seed': 2042, 'used_stratified': True, 'fold_rmses': [1.3525495870051067, 1.2812869872773307, 1.3492269957734124, 1.3763706667368774, 1.2723922464210167], 'seed_mean': 1.3263652966427488}]",1.3050244152480797,"[1.2688583974977043, 1.3198495516037858, 1.3263652966427488]",0.025711208493489623,"['material_share_mid_quality', 'ambient_share_cells_risk_q75plus', 'dengue_incid_prev3', 'dengue_reg_prev3', 'ambient_risk_mean', 'material_hh_qual3', 'ambient_n_cells_total', 'ambient_share_cells_risk_q90plus', 'ambient_risk_std', 'ivsd_housing_vul', 'ivsd_basic_services_vul', 'material_share_qual2', 'renabap_energy_grid_but_nonstandard_or_informal__share_families', 'estrato_share_seg5', 'material_share_qual1', 'dengue_n_years_with', 'ivsd_demographic_vul', 'ivsd_youth_education_gap', 'dengue_years_since_last_epidemic', 'excl_incidence_std', 'cov_prepaga_to_plan_ratio', 'ivsd_income_vul', 'excl_share_radios_incidence_q90plus', 'refes_n_primary_care', 'dwellings_share_collective', 'excl_share_radios_missing', 'dwellings_people_per_private', 'renabap_housing__top_share_families', 'estrato_share_seg3', 'mort_maternal_infant_per_10k_2020', 'refes_hospitals_per_100k', 'estrato_share_seg4', 'renabap_villa__share_families', 'refes_estabs_per_10k', 'refes_private_share', 'dengue_volatility_incid', 'renabap_water__entropy_families', 'renabap_energy__entropy_families', 'renabap_families_max', 'renabap_water_precarious__share_families', 'dwellings_people_per_collective', 'renabap_heating__top_share_families', 'refes_hospital_share_total', 'dwellings_collective', 'cov_herfindahl', 'refes_n_hospitals', 'cov_plan_per_10k', 'dwellings_pop_share_collective', 'ivsd_gender_employment_gap', 'ivsd_labour_vul', 'estrato_score_std', 'renabap_water_regular__share_barrios', 'ivsd_education_vul', 'renabap_cooking_non_piped_fuels__share_families', 'mort_maternal_rate_2020', 'mort_any_infant_2020', 'renabap_sanitation_unimproved_or_problematic__share_families', 'renabap_heating_other_sources__share_barrios', 'mort_mat', 'renabap_max_barrio_family_share', 'mort_missing_2020', 'nbi_high_2010', 'renabap_cooking_informal_piped_gas__share_families', 'renabap_sanitation__entropy_families', 'refes_social_security_share', 'renabap_energy_formal_full_service__families', 'dwellings_pop_share_street', 'renabap_cooking_formal_piped_gas__families', 'renabap_families_per_1k', 'estrato_share_seg2', 'dengue_reg_prev2', 'renabap_unifamiliar__share_families', 'refes_n_estabs_social_security', 'dengue_incid_prev1', 'renabap_sanitation_open_discharge__families', 'renabap_energy_no_grid_or_offgrid__share_families', 'renabap_heating_none_or_unknown__families', 'renabap_energy_no_grid_or_offgrid__families', 'excl_incidence_min']",True,COMPLETE
2,1.29747069601328,2025-12-15 08:56:25.125960,2025-12-15 08:56:31.621644,0 days 00:00:06.495684,2.96207284431021,42,5,Lossguide,1290,0.348901884549139,0.144477461127187,9,1.21508970380288,52,"[42, 1042, 2042]",7c639e844a14,"[{'cv_seed': 42, 'used_stratified': True, 'fold_rmses': [1.3421617374855024, 1.1842647373816526, 1.2299084956857602, 1.3354043227530896, 1.371815979343664], 'seed_mean': 1.2927110545299336}, {'cv_seed': 1042, 'used_stratified': True, 'fold_rmses': [1.4442265573132445, 1.2518456529262525, 1.3057510348237873, 1.234825296013894, 1.2550320659904015], 'seed_mean': 1.298336121413516}, {'cv_seed': 2042, 'used_stratified': True, 'fold_rmses': [1.355398222271375, 1.2245702838872208, 1.3125035512956846, 1.4173065412617545, 1.1970459617659372], 'seed_mean': 1.3013649120963944}]",1.2974706960132814,"[1.2927110545299336, 1.298336121413516, 1.3013649120963944]",0.0035855295785212414,"['material_share_mid_quality', 'ambient_share_cells_risk_q75plus', 'dengue_incid_prev3', 'dengue_reg_prev3', 'ambient_risk_mean', 'material_hh_qual3', 'ambient_n_cells_total', 'ambient_share_cells_risk_q90plus', 'ambient_risk_std', 'ivsd_housing_vul', 'ivsd_basic_services_vul', 'material_share_qual2', 'renabap_energy_grid_but_nonstandard_or_informal__share_families', 'estrato_share_seg5', 'material_share_qual1', 'dengue_n_years_with', 'ivsd_demographic_vul', 'ivsd_youth_education_gap', 'dengue_years_since_last_epidemic', 'excl_incidence_std', 'cov_prepaga_to_plan_ratio', 'ivsd_income_vul', 'excl_share_radios_incidence_q90plus', 'refes_n_primary_care', 'dwellings_share_collective', 'excl_share_radios_missing', 'dwellings_people_per_private', 'renabap_housing__top_share_families', 'estrato_share_seg3', 'mort_maternal_infant_per_10k_2020', 'refes_hospitals_per_100k', 'estrato_share_seg4', 'renabap_villa__share_families', 'refes_estabs_per_10k', 'refes_private_share', 'dengue_volatility_incid', 'renabap_water__entropy_families', 'renabap_energy__entropy_families', 'renabap_families_max', 'renabap_water_precarious__share_families', 'dwellings_people_per_collective', 'renabap_heating__top_share_families', 'refes_hospital_share_total', 'dwellings_collective', 'cov_herfindahl', 'refes_n_hospitals', 'cov_plan_per_10k', 'dwellings_pop_share_collective', 'ivsd_gender_employment_gap', 'ivsd_labour_vul', 'estrato_score_std', 'renabap_water_regular__share_barrios']",True,COMPLETE
3,1.28737456470289,2025-12-15 08:56:32.191639,2025-12-15 08:56:50.401442,0 days 00:00:18.209803,0.610191174223894,142,8,Depthwise,972,0.209149813290356,0.0139403460798732,46,0.0687770422304368,41,"[42, 1042, 2042]",09f24d9f8cc8,"[{'cv_seed': 42, 'used_stratified': True, 'fold_rmses': [1.2941812890950994, 1.166884799285766, 1.2166728918089451, 1.3293715095619103, 1.3108441675085578], 'seed_mean': 1.2635909314520557}, {'cv_seed': 1042, 'used_stratified': True, 'fold_rmses': [1.4215911852951575, 1.1783410917836339, 1.2456145799052767, 1.2730578194738684, 1.3054571212114885], 'seed_mean': 1.284812359533885}, {'cv_seed': 2042, 'used_stratified': True, 'fold_rmses': [1.372434531981265, 1.3255483324824096, 1.2982627344791124, 1.3648337799793182, 1.2075226366915446], 'seed_mean': 1.31372040312273}]",1.2873745647028902,"[1.2635909314520557, 1.284812359533885, 1.31372040312273]",0.02054531015408455,"['material_share_mid_quality', 'ambient_share_cells_risk_q75plus', 'dengue_incid_prev3', 'dengue_reg_prev3', 'ambient_risk_mean', 'material_hh_qual3', 'ambient_n_cells_total', 'ambient_share_cells_risk_q90plus', 'ambient_risk_std', 'ivsd_housing_vul', 'ivsd_basic_services_vul', 'material_share_qual2', 'renabap_energy_grid_but_nonstandard_or_informal__share_families', 'estrato_share_seg5', 'material_share_qual1', 'dengue_n_years_with', 'ivsd_demographic_vul', 'ivsd_youth_education_gap', 'dengue_years_since_last_epidemic', 'excl_incidence_std', 'cov_prepaga_to_plan_ratio', 'ivsd_income_vul', 'excl_share_radios_incidence_q90plus', 'refes_n_primary_care', 'dwellings_share_collective', 'excl_share_radios_missing', 'dwellings_people_per_private', 'renabap_housing__top_share_families', 'estrato_share_seg3', 'mort_maternal_infant_per_10k_2020', 'refes_hospitals_per_100k', 'estrato_share_seg4', 'renabap_villa__share_families', 'refes_estabs_per_10k', 'refes_private_share', 'dengue_volatility_incid', 'renabap_water__entropy_families', 'renabap_energy__entropy_families', 'renabap_families_max', 'renabap_water_precarious__share_families', 'dwellings_people_per_collective']",True,COMPLETE
4,1.2957305081377,2025-12-15 08:56:50.962433,2025-12-15 08:57:18.742656,0 days 00:00:27.780223,4.69749470782095,232,10,Depthwise,758,2.11542907972612,0.0187522094557864,47,1.19579995762217,58,"[42, 1042, 2042]",267ee9d92ac9,"[{'cv_seed': 42, 'used_stratified': True, 'fold_rmses': [1.3233713310723703, 1.125706478988108, 1.2443498274341314, 1.350272623480997, 1.334244292320815], 'seed_mean': 1.2755889106592844}, {'cv_seed': 1042, 'used_stratified': True, 'fold_rmses': [1.4297215324295491, 1.1807133555547136, 1.3259069731498379, 1.1970201417474629, 1.3420043335301053], 'seed_mean': 1.2950732672823337}, {'cv_seed': 2042, 'used_stratified': True, 'fold_rmses': [1.325624234994585, 1.2618950505918176, 1.3432660398662848, 1.3783495727145936, 1.273511834190169], 'seed_mean': 1.31652934647149}]",1.2957305081377026,"[1.2755889106592844, 1.2950732672823337, 1.31652934647149]",0.016720322869287083,"['material_share_mid_quality', 'ambient_share_cells_risk_q75plus', 'dengue_incid_prev3', 'dengue_reg_prev3', 'ambient_risk_mean', 'material_hh_qual3', 'ambient_n_cells_total', 'ambient_share_cells_risk_q90plus', 'ambient_risk_std', 'ivsd_housing_vul', 'ivsd_basic_services_vul', 'material_share_qual2', 'renabap_energy_grid_but_nonstandard_or_informal__share_families', 'estrato_share_seg5', 'material_share_qual1', 'dengue_n_years_with', 'ivsd_demographic_vul', 'ivsd_youth_education_gap', 'dengue_years_since_last_epidemic', 'excl_incidence_std', 'cov_prepaga_to_plan_ratio', 'ivsd_income_vul', 'excl_share_radios_incidence_q90plus', 'refes_n_primary_care', 'dwellings_share_collective', 'excl_share_radios_missing', 'dwellings_people_per_private', 'renabap_housing__top_share_families', 'estrato_share_seg3', 'mort_maternal_infant_per_10k_2020', 'refes_hospitals_per_100k', 'estrato_share_seg4', 'renabap_villa__share_families', 'refes_estabs_per_10k', 'refes_private_share', 'dengue_volatility_incid', 'renabap_water__entropy_families', 'renabap_energy__entropy_families', 'renabap_families_max', 'renabap_water_precarious__share_families', 'dwellings_people_per_collective', 'renabap_heating__top_share_families', 'refes_hospital_share_total', 'dwellings_collective', 'cov_herfindahl', 'refes_n_hospitals', 'cov_plan_per_10k', 'dwellings_pop_share_collective', 'ivsd_gender_employment_gap', 'ivsd_labour_vul', 'estrato_score_std', 'renabap_water_regular__share_barrios', 'ivsd_education_vul', 'renabap_cooking_non_piped_fuels__share_families', 'mort_maternal_rate_2020', 'mort_any_infant_2020', 'renabap_sanitation_unimproved_or_problematic__share_families', 'renabap_heating_other_sources__share_barrios']",True,COMPLETE
5,1.28941577134731,2025-12-15 08:57:19.208445,2025-12-15 08:57:35.432890,0 days 00:00:16.224445,1.4046725484369,153,9,Depthwise,618,0.117560109002319,0.025166071275503,41,0.281848449949525,47,"[42, 1042, 2042]",b9bf26e2244a,"[{'cv_seed': 42, 'used_stratified': True, 'fold_rmses': [1.2972712139163265, 1.1385916433768088, 1.238009273445855, 1.3233405550939916, 1.3233155261516472], 'seed_mean': 1.2641056423969261}, {'cv_seed': 1042, 'used_stratified': True, 'fold_rmses': [1.4579761216982208, 1.1842937734766736, 1.2496018394469692, 1.2698328316690646, 1.302751717794999], 'seed_mean': 1.2928912568171855}, {'cv_seed': 2042, 'used_stratified': True, 'fold_rmses': [1.3536740997512073, 1.286800832832268, 1.311044642599317, 1.397940420966916, 1.2067920779893502], 'seed_mean': 1.3112504148278117}]",1.2894157713473078,"[1.2641056423969261, 1.2928912568171855, 1.3112504148278117]",0.019403034836995563,"['material_share_mid_quality', 'ambient_share_cells_risk_q75plus', 'dengue_incid_prev3', 'dengue_reg_prev3', 'ambient_risk_mean', 'material_hh_qual3', 'ambient_n_cells_total', 'ambient_share_cells_risk_q90plus', 'ambient_risk_std', 'ivsd_housing_vul', 'ivsd_basic_services_vul', 'material_share_qual2', 'renabap_energy_grid_but_nonstandard_or_informal__share_families', 'estrato_share_seg5', 'material_share_qual1', 'dengue_n_years_with', 'ivsd_demographic_vul', 'ivsd_youth_education_gap', 'dengue_years_since_last_epidemic', 'excl_incidence_std', 'cov_prepaga_to_plan_ratio', 'ivsd_income_vul', 'excl_share_radios_incidence_q90plus', 'refes_n_primary_care', 'dwellings_share_collective', 'excl_share_radios_missing', 'dwellings_people_per_private', 'renabap_housing__top_share_families', 'estrato_share_seg3', 'mort_maternal_infant_per_10k_2020', 'refes_hospitals_per_100k', 'estrato_share_seg4', 'renabap_villa__share_families', 'refes_estabs_per_10k', 'refes_private_share', 'dengue_volatility_incid', 'renabap_water__entropy_families', 'renabap_energy__entropy_families', 'renabap_families_max', 'renabap_water_precarious__share_families', 'dwellings_people_per_collective', 'renabap_heating__top_share_families', 'refes_hospital_share_total', 'dwellings_collective', 'cov_herfindahl', 'refes_n_hospitals', 'cov_plan_per_10k']",True,COMPLETE
6,1.23799435860449,2025-12-15 08:57:35.911706,2025-12-15 08:57:37.768169,0 days 00:00:01.856463,3.85635173342973,48,8,SymmetricTree,469,1.5382308040279,0.160153121713612,6,0.716931457088545,20,,7411731d1f8a,,,,,,,PRUNED
7,1.27520623813818,2025-12-15 08:57:38.092578,2025-12-15 08:57:52.456825,0 days 00:00:14.364247,4.43606371288163,137,9,Lossguide,943,0.817847657433954,0.0302228347564673,36,0.239188491876603,42,"[42, 1042, 2042]",826d1058e50d,"[{'cv_seed': 42, 'used_stratified': True, 'fold_rmses': [1.284031217001716, 1.1355659092817987, 1.2192587300849398, 1.3211099051020863, 1.3037390182076927], 'seed_mean': 1.2527409559356468}, {'cv_seed': 1042, 'used_stratified': True, 'fold_rmses': [1.4331640580693297, 1.113465626474537, 1.2529043372941473, 1.2600626955307876, 1.29786504596371], 'seed_mean': 1.2714923526665023}, {'cv_seed': 2042, 'used_stratified': True, 'fold_rmses': [1.3650703553022856, 1.2880513090744221, 1.2810313283046602, 1.3604811918096391, 1.2122928445709638], 'seed_mean': 1.3013854058123944}]",1.275206238138181,"[1.2527409559356468, 1.2714923526665023, 1.3013854058123944]",0.020031896813588933,"['material_share_mid_quality', 'ambient_share_cells_risk_q75plus', 'dengue_incid_prev3', 'dengue_reg_prev3', 'ambient_risk_mean', 'material_hh_qual3', 'ambient_n_cells_total', 'ambient_share_cells_risk_q90plus', 'ambient_risk_std', 'ivsd_housing_vul', 'ivsd_basic_services_vul', 'material_share_qual2', 'renabap_energy_grid_but_nonstandard_or_informal__share_families', 'estrato_share_seg5', 'material_share_qual1', 'dengue_n_years_with', 'ivsd_demographic_vul', 'ivsd_youth_education_gap', 'dengue_years_since_last_epidemic', 'excl_incidence_std', 'cov_prepaga_to_plan_ratio', 'ivsd_income_vul', 'excl_share_radios_incidence_q90plus', 'refes_n_primary_care', 'dwellings_share_collective', 'excl_share_radios_missing', 'dwellings_people_per_private', 'renabap_housing__top_share_families', 'estrato_share_seg3', 'mort_maternal_infant_per_10k_2020', 'refes_hospitals_per_100k', 'estrato_share_seg4', 'renabap_villa__share_families', 'refes_estabs_per_10k', 'refes_private_share', 'dengue_volatility_incid', 'renabap_water__entropy_families', 'renabap_energy__entropy_families', 'renabap_families_max', 'renabap_water_precarious__share_families', 'dwellings_people_per_collective', 'renabap_heating__top_share_families']",True,COMPLETE
8,1.23294683520896,2025-12-15 08:57:53.027485,2025-12-15 08:57:55.068473,0 days 00:00:02.040988,0.157145928433671,174,4,SymmetricTree,1231,0.0210704728065782,0.0428084916175709,26,0.628711962152653,57,,72cedd834379,,,,,,,PRUNED
9,1.27027396396414,2025-12-15 08:57:55.375613,2025-12-15 08:58:15.399746,0 days 00:00:20.024133,4.64848826171287,213,6,Lossguide,993,0.0304553687153968,0.0129929767405204,44,1.26680751302085,36,"[42, 1042, 2042]",4578c2e955c6,"[{'cv_seed': 42, 'used_stratified': True, 'fold_rmses': [1.2702446528094642, 1.1253127462983232, 1.209295435935152, 1.3514196738188164, 1.256629527038978], 'seed_mean': 1.2425804071801467}, {'cv_seed': 1042, 'used_stratified': True, 'fold_rmses': [1.4229736503443686, 1.1370059610544738, 1.261547333030273, 1.1911549365380705, 1.3303172780989863], 'seed_mean': 1.2685998318132345}, {'cv_seed': 2042, 'used_stratified': True, 'fold_rmses': [1.3441834239842765, 1.2360168203093451, 1.3083393060109532, 1.3798820938532712, 1.2297866203373915], 'seed_mean': 1.2996416528990473}]",1.2702739639641427,"[1.2425804071801467, 1.2685998318132345, 1.2996416528990473]",0.023325214962813902,"['material_share_mid_quality', 'ambient_share_cells_risk_q75plus', 'dengue_incid_prev3', 'dengue_reg_prev3', 'ambient_risk_mean', 'material_hh_qual3', 'ambient_n_cells_total', 'ambient_share_cells_risk_q90plus', 'ambient_risk_std', 'ivsd_housing_vul', 'ivsd_basic_services_vul', 'material_share_qual2', 'renabap_energy_grid_but_nonstandard_or_informal__share_families', 'estrato_share_seg5', 'material_share_qual1', 'dengue_n_years_with', 'ivsd_demographic_vul', 'ivsd_youth_education_gap', 'dengue_years_since_last_epidemic', 'excl_incidence_std', 'cov_prepaga_to_plan_ratio', 'ivsd_income_vul', 'excl_share_radios_incidence_q90plus', 'refes_n_primary_care', 'dwellings_share_collective', 'excl_share_radios_missing', 'dwellings_people_per_private', 'renabap_housing__top_share_families', 'estrato_share_seg3', 'mort_maternal_infant_per_10k_2020', 'refes_hospitals_per_100k', 'estrato_share_seg4', 'renabap_villa__share_families', 'refes_estabs_per_10k', 'refes_private_share', 'dengue_volatility_incid']",True,COMPLETE
10,1.2603791144127,2025-12-15 08:58:15.969442,2025-12-15 08:58:24.215095,0 days 00:00:08.245653,4.85108889830944,223,4,Lossguide,745,0.0124872643664151,0.0243363423549447,43,1.39832499163008,20,"[42, 1042, 2042]",5f6c8367f3fd,"[{'cv_seed': 42, 'used_stratified': True, 'fold_rmses': [1.26489603976158, 1.1322917905302778, 1.1982139233702924, 1.3332579743387587, 1.2818738749495888], 'seed_mean': 1.2421067205900997}, {'cv_seed': 1042, 'used_stratified': True, 'fold_rmses': [1.3849552954865976, 1.1299995228904551, 1.2407866895801258, 1.2090899979719751, 1.3193512625905186], 'seed_mean': 1.2568365537039345}, {'cv_seed': 2042, 'used_stratified': True, 'fold_rmses': [1.3308493699355046, 1.1996416919380861, 1.2765387825124404, 1.3661257256666304, 1.2378147746676893], 'seed_mean': 1.28219406894407}]",1.2603791144127015,"[1.2421067205900997, 1.2568365537039345, 1.28219406894407]",0.016556190721189783,"['material_share_mid_quality', 'ambient_share_cells_risk_q75plus', 'dengue_incid_prev3', 'dengue_reg_prev3', 'ambient_risk_mean', 'material_hh_qual3', 'ambient_n_cells_total', 'ambient_share_cells_risk_q90plus', 'ambient_risk_std', 'ivsd_housing_vul', 'ivsd_basic_services_vul', 'material_share_qual2', 'renabap_energy_grid_but_nonstandard_or_informal__share_families', 'estrato_share_seg5', 'material_share_qual1', 'dengue_n_years_with', 'ivsd_demographic_vul', 'ivsd_youth_education_gap', 'dengue_years_since_last_epidemic', 'excl_incidence_std']",True,COMPLETE
11,1.27458489950382,2025-12-15 08:58:24.795333,2025-12-15 08:58:33.463807,0 days 00:00:08.668474,4.40775187876612,217,4,Lossguide,682,0.0604593134334854,0.0226408565049332,33,1.27801608563358,21,"[42, 1042, 2042]",1094fd5c3eca,"[{'cv_seed': 42, 'used_stratified': True, 'fold_rmses': [1.2607050855085427, 1.1279499388139873, 1.2024821230361424, 1.328709812782991, 1.2767512424357148], 'seed_mean': 1.2393196405154758}, {'cv_seed': 1042, 'used_stratified': True, 'fold_rmses': [1.3888486604004218, 1.1511282874306585, 1.2620725438124087, 1.2486564401119515, 1.3256504683437693], 'seed_mean': 1.275271280019842}, {'cv_seed': 2042, 'used_stratified': True, 'fold_rmses': [1.3611287626446271, 1.2586980873364089, 1.2891093391077237, 1.3795209609816133, 1.2573617398103503], 'seed_mean': 1.3091637779761447}]",1.274584899503821,"[1.2393196405154758, 1.275271280019842, 1.3091637779761447]",0.02851788004119266,"['material_share_mid_quality', 'ambient_share_cells_risk_q75plus', 'dengue_incid_prev3', 'dengue_reg_prev3', 'ambient_risk_mean', 'material_hh_qual3', 'ambient_n_cells_total', 'ambient_share_cells_risk_q90plus', 'ambient_risk_std', 'ivsd_housing_vul', 'ivsd_basic_services_vul', 'material_share_qual2', 'renabap_energy_grid_but_nonstandard_or_informal__share_families', 'estrato_share_seg5', 'material_share_qual1', 'dengue_n_years_with', 'ivsd_demographic_vul', 'ivsd_youth_education_gap', 'dengue_years_since_last_epidemic', 'excl_incidence_std', 'cov_prepaga_to_plan_ratio']",True,COMPLETE
12,1.27265386497176,2025-12-15 08:58:33.946999,2025-12-15 08:58:49.837239,0 days 00:00:15.890240,2.97182705794202,150,7,Lossguide,1193,0.0135065157548271,0.0147173179870976,49,0.880704785600351,34,"[42, 1042, 2042]",42ad1a305739,"[{'cv_seed': 42, 'used_stratified': True, 'fold_rmses': [1.281263670106755, 1.1343753903850895, 1.2099769175708335, 1.3379697341980963, 1.285566254237373], 'seed_mean': 1.2498303932996293}, {'cv_seed': 1042, 'used_stratified': True, 'fold_rmses': [1.4368351543858926, 1.1472658625443057, 1.274716871397765, 1.198088439549064, 1.3444270156536753], 'seed_mean': 1.2802666687061406}, {'cv_seed': 2042, 'used_stratified': True, 'fold_rmses': [1.3253918528152089, 1.2561506353619112, 1.3036483047550036, 1.3407443950529265, 1.2133874765625665], 'seed_mean': 1.287864532909523}]",1.2726538649717642,"[1.2498303932996293, 1.2802666687061406, 1.287864532909523]",0.016434010050092714,"['material_share_mid_quality', 'ambient_share_cells_risk_q75plus', 'dengue_incid_prev3', 'dengue_reg_prev3', 'ambient_risk_mean', 'material_hh_qual3', 'ambient_n_cells_total', 'ambient_share_cells_risk_q90plus', 'ambient_risk_std', 'ivsd_housing_vul', 'ivsd_basic_services_vul', 'material_share_qual2', 'renabap_energy_grid_but_nonstandard_or_informal__share_families', 'estrato_share_seg5', 'material_share_qual1', 'dengue_n_years_with', 'ivsd_demographic_vul', 'ivsd_youth_education_gap', 'dengue_years_since_last_epidemic', 'excl_incidence_std', 'cov_prepaga_to_plan_ratio', 'ivsd_income_vul', 'excl_share_radios_incidence_q90plus', 'refes_n_primary_care', 'dwellings_share_collective', 'excl_share_radios_missing', 'dwellings_people_per_private', 'renabap_housing__top_share_families', 'estrato_share_seg3', 'mort_maternal_infant_per_10k_2020', 'refes_hospitals_per_100k', 'estrato_share_seg4', 'renabap_villa__share_families', 'refes_estabs_per_10k']",True,COMPLETE
13,1.29773575127882,2025-12-15 08:58:50.322265,2025-12-15 08:59:13.467339,0 days 00:00:23.145074,4.56588694519987,230,5,Lossguide,1453,0.0574967381385416,0.0156490239352086,46,1.00489635148515,65,"[42, 1042, 2042]",e7ae80c190d8,"[{'cv_seed': 42, 'used_stratified': True, 'fold_rmses': [1.2890499176536843, 1.1356700378487017, 1.25229606924427, 1.338691727674797, 1.3168942761236913], 'seed_mean': 1.266520405709029}, {'cv_seed': 1042, 'used_stratified': True, 'fold_rmses': [1.4309144529870703, 1.1756221769309967, 1.3331939647153155, 1.2478654213240885, 1.3692512668679735], 'seed_mean': 1.3113694565650889}, {'cv_seed': 2042, 'used_stratified': True, 'fold_rmses': [1.3370583999991592, 1.280384576612878, 1.3364014857824433, 1.3676723821450885, 1.2550701132721729], 'seed_mean': 1.3153173915623484}]",1.297735751278822,"[1.266520405709029, 1.3113694565650889, 1.3153173915623484]",0.022131348760929596,"['material_share_mid_quality', 'ambient_share_cells_risk_q75plus', 'dengue_incid_prev3', 'dengue_reg_prev3', 'ambient_risk_mean', 'material_hh_qual3', 'ambient_n_cells_total', 'ambient_share_cells_risk_q90plus', 'ambient_risk_std', 'ivsd_housing_vul', 'ivsd_basic_services_vul', 'material_share_qual2', 'renabap_energy_grid_but_nonstandard_or_informal__share_families', 'estrato_share_seg5', 'material_share_qual1', 'dengue_n_years_with', 'ivsd_demographic_vul', 'ivsd_youth_education_gap', 'dengue_years_since_last_epidemic', 'excl_incidence_std', 'cov_prepaga_to_plan_ratio', 'ivsd_income_vul', 'excl_share_radios_incidence_q90plus', 'refes_n_primary_care', 'dwellings_share_collective', 'excl_share_radios_missing', 'dwellings_people_per_private', 'renabap_housing__top_share_families', 'estrato_share_seg3', 'mort_maternal_infant_per_10k_2020', 'refes_hospitals_per_100k', 'estrato_share_seg4', 'renabap_villa__share_families', 'refes_estabs_per_10k', 'refes_private_share', 'dengue_volatility_incid', 'renabap_water__entropy_families', 'renabap_energy__entropy_families', 'renabap_families_max', 'renabap_water_precarious__share_families', 'dwellings_people_per_collective', 'renabap_heating__top_share_families', 'refes_hospital_share_total', 'dwellings_collective', 'cov_herfindahl', 'refes_n_hospitals', 'cov_plan_per_10k', 'dwellings_pop_share_collective', 'ivsd_gender_employment_gap', 'ivsd_labour_vul', 'estrato_score_std', 'renabap_water_regular__share_barrios', 'ivsd_education_vul', 'renabap_cooking_non_piped_fuels__share_families', 'mort_maternal_rate_2020', 'mort_any_infant_2020', 'renabap_sanitation_unimproved_or_problematic__share_families', 'renabap_heating_other_sources__share_barrios', 'mort_mat', 'renabap_max_barrio_family_share', 'mort_missing_2020', 'nbi_high_2010', 'renabap_cooking_informal_piped_gas__share_families', 'renabap_sanitation__entropy_families', 'refes_social_security_share']",True,COMPLETE
14,1.27182450755469,2025-12-15 08:59:13.941139,2025-12-15 08:59:24.667600,0 days 00:00:10.726461,4.39868976471021,239,5,SymmetricTree,1277,0.346724651864943,0.0490564113579867,41,1.40298623406598,32,"[42, 1042, 2042]",13a70f9139d3,"[{'cv_seed': 42, 'used_stratified': True, 'fold_rmses': [1.2685461959112236, 1.1070601329093879, 1.2599176959978113, 1.2636190082440293, 1.2800101978510858], 'seed_mean': 1.2358306461827078}, {'cv_seed': 1042, 'used_stratified': True, 'fold_rmses': [1.452953482908944, 1.1968597428319045, 1.2983604303203429, 1.2073186195734715, 1.2846683307845117], 'seed_mean': 1.288032121283835}, {'cv_seed': 2042, 'used_stratified': True, 'fold_rmses': [1.324548066297427, 1.2600533374566838, 1.3047800871228383, 1.3399673864917483, 1.2287048986188682], 'seed_mean': 1.2916107551975131}]",1.2718245075546852,"[1.2358306461827078, 1.288032121283835, 1.2916107551975131]",0.025493400420774057,"['material_share_mid_quality', 'ambient_share_cells_risk_q75plus', 'dengue_incid_prev3', 'dengue_reg_prev3', 'ambient_risk_mean', 'material_hh_qual3', 'ambient_n_cells_total', 'ambient_share_cells_risk_q90plus', 'ambient_risk_std', 'ivsd_housing_vul', 'ivsd_basic_services_vul', 'material_share_qual2', 'renabap_energy_grid_but_nonstandard_or_informal__share_families', 'estrato_share_seg5', 'material_share_qual1', 'dengue_n_years_with', 'ivsd_demographic_vul', 'ivsd_youth_education_gap', 'dengue_years_since_last_epidemic', 'excl_incidence_std', 'cov_prepaga_to_plan_ratio', 'ivsd_income_vul', 'excl_share_radios_incidence_q90plus', 'refes_n_primary_care', 'dwellings_share_collective', 'excl_share_radios_missing', 'dwellings_people_per_private', 'renabap_housing__top_share_families', 'estrato_share_seg3', 'mort_maternal_infant_per_10k_2020', 'refes_hospitals_per_100k', 'estrato_share_seg4']",True,COMPLETE
15,1.27074617696713,2025-12-15 08:59:25.143725,2025-12-15 08:59:40.232735,0 days 00:00:15.089010,3.98340477611326,157,8,Lossguide,1191,0.166079235602351,0.0357740366358661,22,1.92267970427105,35,"[42, 1042, 2042]",2c19dea515bd,"[{'cv_seed': 42, 'used_stratified': True, 'fold_rmses': [1.2828082721106921, 1.0976472866593172, 1.2431324684830507, 1.2985112937574508, 1.2747366629516246], 'seed_mean': 1.239367196792427}, {'cv_seed': 1042, 'used_stratified': True, 'fold_rmses': [1.422380154581775, 1.1741961812987824, 1.2758143401285398, 1.2230823727366262, 1.3294691340335665], 'seed_mean': 1.284988436555858}, {'cv_seed': 2042, 'used_stratified': True, 'fold_rmses': [1.302039414066813, 1.2789561367225695, 1.3134127168630636, 1.335101654116611, 1.2099045659964718], 'seed_mean': 1.2878828975531058}]",1.2707461769671302,"[1.239367196792427, 1.284988436555858, 1.2878828975531058]",0.022219732577440632,"['material_share_mid_quality', 'ambient_share_cells_risk_q75plus', 'dengue_incid_prev3', 'dengue_reg_prev3', 'ambient_risk_mean', 'material_hh_qual3', 'ambient_n_cells_total', 'ambient_share_cells_risk_q90plus', 'ambient_risk_std', 'ivsd_housing_vul', 'ivsd_basic_services_vul', 'material_share_qual2', 'renabap_energy_grid_but_nonstandard_or_informal__share_families', 'estrato_share_seg5', 'material_share_qual1', 'dengue_n_years_with', 'ivsd_demographic_vul', 'ivsd_youth_education_gap', 'dengue_years_since_last_epidemic', 'excl_incidence_std', 'cov_prepaga_to_plan_ratio', 'ivsd_income_vul', 'excl_share_radios_incidence_q90plus', 'refes_n_primary_care', 'dwellings_share_collective', 'excl_share_radios_missing', 'dwellings_people_per_private', 'renabap_housing__top_share_families', 'estrato_share_seg3', 'mort_maternal_infant_per_10k_2020', 'refes_hospitals_per_100k', 'estrato_share_seg4', 'renabap_villa__share_families', 'refes_estabs_per_10k', 'refes_private_share']",True,COMPLETE
16,1.22499709118499,2025-12-15 08:59:40.708114,2025-12-15 08:59:44.777352,0 days 00:00:04.069238,4.60405433749304,173,9,Lossguide,664,0.0811556487448162,0.0138166661891583,38,1.50968075670599,41,,0d2553c9fb33,,,,,,,PRUNED
17,1.23492528139331,2025-12-15 08:59:45.074751,2025-12-15 08:59:51.463253,0 days 00:00:06.388502,3.535879884075,217,7,SymmetricTree,960,0.0455898381447897,0.0130499867187854,47,1.95249989663743,27,,24d17e984e19,,,,,,,PRUNED
18,1.22178770460867,2025-12-15 08:59:51.766656,2025-12-15 08:59:53.777514,0 days 00:00:02.010858,3.3599069717418,246,4,Lossguide,1024,0.0355785196442228,0.0325920506863266,49,0.262065392775786,30,,064cd6f354ef,,,,,,,PRUNED
19,1.21152033626745,2025-12-15 08:59:54.070406,2025-12-15 08:59:56.270734,0 days 00:00:02.200328,4.96828932806168,191,5,Lossguide,768,0.0103534550546548,0.0354126827856868,50,1.37644111869856,35,,e17163089d5f,,,,,,,PRUNED
20,1.25477983151482,2025-12-15 08:59:56.567578,2025-12-15 08:59:59.691984,0 days 00:00:03.124406,1.91069784103399,168,5,Lossguide,739,0.0157593486836547,0.0170060741922923,32,1.89207409541494,47,,06c589a10981,,,,,,,PRUNED
21,1.24765186092265,2025-12-15 08:59:59.986276,2025-12-15 09:00:03.264018,0 days 00:00:03.277742,3.00957078397064,161,9,Lossguide,1301,0.245210916020953,0.0558734814755547,16,1.97159638712217,44,,d9680cc9c602,,,,,,,PRUNED
22,1.24108406279174,2025-12-15 09:00:03.575456,2025-12-15 09:00:17.106263,0 days 00:00:13.530807,3.4575571694646,103,9,Lossguide,1332,0.228698902409076,0.0214667391206604,25,1.99773782741759,20,"[42, 1042, 2042]",20ed341011d2,"[{'cv_seed': 42, 'used_stratified': True, 'fold_rmses': [1.3221693556538274, 1.0571396552164771, 1.2084708983064634, 1.288287379770914, 1.2432756548142392], 'seed_mean': 1.2238685887523841}, {'cv_seed': 1042, 'used_stratified': True, 'fold_rmses': [1.3891536072185844, 1.136765598444603, 1.2218190819605677, 1.1590055919904398, 1.2828977888826854], 'seed_mean': 1.2379283336993763}, {'cv_seed': 2042, 'used_stratified': True, 'fold_rmses': [1.3278057729034465, 1.1980422095789287, 1.2183151483416734, 1.3544799839333446, 1.208633214859901], 'seed_mean': 1.261455265923459}]",1.2410840627917399,"[1.2238685887523841, 1.2379283336993763, 1.261455265923459]",0.015506096538006007,"['material_share_mid_quality', 'ambient_share_cells_risk_q75plus', 'dengue_incid_prev3', 'dengue_reg_prev3', 'ambient_risk_mean', 'material_hh_qual3', 'ambient_n_cells_total', 'ambient_share_cells_risk_q90plus', 'ambient_risk_std', 'ivsd_housing_vul', 'ivsd_basic_services_vul', 'material_share_qual2', 'renabap_energy_grid_but_nonstandard_or_informal__share_families', 'estrato_share_seg5', 'material_share_qual1', 'dengue_n_years_with', 'ivsd_demographic_vul', 'ivsd_youth_education_gap', 'dengue_years_since_last_epidemic', 'excl_incidence_std']",True,COMPLETE
23,1.2546233568086,2025-12-15 09:00:17.661881,2025-12-15 09:00:30.841422,0 days 00:00:13.179541,3.59966238924115,49,8,Depthwise,1264,0.890911589916012,0.0147222880548438,28,1.45075125212154,27,"[42, 1042, 2042]",487c2fb432a5,"[{'cv_seed': 42, 'used_stratified': True, 'fold_rmses': [1.2678699128657853, 1.101950893884628, 1.2148070588787447, 1.3090323441129004, 1.2846022837927473], 'seed_mean': 1.235652498706961}, {'cv_seed': 1042, 'used_stratified': True, 'fold_rmses': [1.4414548324588274, 1.1592528447939343, 1.226069554419316, 1.1887415643350747, 1.2671584781744705], 'seed_mean': 1.2565354548363246}, {'cv_seed': 2042, 'used_stratified': True, 'fold_rmses': [1.2984245821601335, 1.204572868795028, 1.2671293537459944, 1.3819226795254609, 1.2063611001859011], 'seed_mean': 1.2716821168825034}]",1.2546233568085963,"[1.235652498706961, 1.2565354548363246, 1.2716821168825034]",0.014771040036042946,"['material_share_mid_quality', 'ambient_share_cells_risk_q75plus', 'dengue_incid_prev3', 'dengue_reg_prev3', 'ambient_risk_mean', 'material_hh_qual3', 'ambient_n_cells_total', 'ambient_share_cells_risk_q90plus', 'ambient_risk_std', 'ivsd_housing_vul', 'ivsd_basic_services_vul', 'material_share_qual2', 'renabap_energy_grid_but_nonstandard_or_informal__share_families', 'estrato_share_seg5', 'material_share_qual1', 'dengue_n_years_with', 'ivsd_demographic_vul', 'ivsd_youth_education_gap', 'dengue_years_since_last_epidemic', 'excl_incidence_std', 'cov_prepaga_to_plan_ratio', 'ivsd_income_vul', 'excl_share_radios_incidence_q90plus', 'refes_n_primary_care', 'dwellings_share_collective', 'excl_share_radios_missing', 'dwellings_people_per_private']",True,COMPLETE
24,1.26965598041597,2025-12-15 09:00:31.343533,2025-12-15 09:00:56.118535,0 days 00:00:24.775002,2.92462737806349,83,9,Depthwise,1209,0.630690538293919,0.0106044998122973,29,1.68016740448903,37,"[42, 1042, 2042]",35879f22438d,"[{'cv_seed': 42, 'used_stratified': True, 'fold_rmses': [1.2649781290812931, 1.1372493946768392, 1.2211157598406506, 1.3100305945083541, 1.2398113388686736], 'seed_mean': 1.234637043395162}, {'cv_seed': 1042, 'used_stratified': True, 'fold_rmses': [1.4328664407188152, 1.1709994085201858, 1.2568156641836132, 1.1915618038347024, 1.3160658286984068], 'seed_mean': 1.2736618291911446}, {'cv_seed': 2042, 'used_stratified': True, 'fold_rmses': [1.322718992675102, 1.2485450016852961, 1.3136095956223754, 1.3883502220278239, 1.2301215312974187], 'seed_mean': 1.3006690686616031}]",1.2696559804159697,"[1.234637043395162, 1.2736618291911446, 1.3006690686616031]",0.027105869087759825,"['material_share_mid_quality', 'ambient_share_cells_risk_q75plus', 'dengue_incid_prev3', 'dengue_reg_prev3', 'ambient_risk_mean', 'material_hh_qual3', 'ambient_n_cells_total', 'ambient_share_cells_risk_q90plus', 'ambient_risk_std', 'ivsd_housing_vul', 'ivsd_basic_services_vul', 'material_share_qual2', 'renabap_energy_grid_but_nonstandard_or_informal__share_families', 'estrato_share_seg5', 'material_share_qual1', 'dengue_n_years_with', 'ivsd_demographic_vul', 'ivsd_youth_education_gap', 'dengue_years_since_last_epidemic', 'excl_incidence_std', 'cov_prepaga_to_plan_ratio', 'ivsd_income_vul', 'excl_share_radios_incidence_q90plus', 'refes_n_primary_care', 'dwellings_share_collective', 'excl_share_radios_missing', 'dwellings_people_per_private', 'renabap_housing__top_share_families', 'estrato_share_seg3', 'mort_maternal_infant_per_10k_2020', 'refes_hospitals_per_100k', 'estrato_share_seg4', 'renabap_villa__share_families', 'refes_estabs_per_10k', 'refes_private_share', 'dengue_volatility_incid', 'renabap_water__entropy_families']",True,COMPLETE
25,1.26258158952189,2025-12-15 09:00:56.588249,2025-12-15 09:01:06.648890,0 days 00:00:10.060641,4.4946071223993,110,9,Depthwise,1398,0.112573212992124,0.0264865483115308,28,0.984792614509553,22,"[42, 1042, 2042]",e9b09cfddd66,"[{'cv_seed': 42, 'used_stratified': True, 'fold_rmses': [1.2976327830052699, 1.0804153438985329, 1.2143794201429667, 1.3089754782849177, 1.281335745270956], 'seed_mean': 1.2365477541205288}, {'cv_seed': 1042, 'used_stratified': True, 'fold_rmses': [1.411960943357835, 1.1578194903471926, 1.2355553292093897, 1.2351766189468876, 1.2510537479530572], 'seed_mean': 1.2583132259628724}, {'cv_seed': 2042, 'used_stratified': True, 'fold_rmses': [1.3316067982618849, 1.2566700238516062, 1.2412016059679267, 1.3991835977090123, 1.2357569166208766], 'seed_mean': 1.2928837884822613}]",1.2625815895218875,"[1.2365477541205288, 1.2583132259628724, 1.2928837884822613]",0.023196284005640822,"['material_share_mid_quality', 'ambient_share_cells_risk_q75plus', 'dengue_incid_prev3', 'dengue_reg_prev3', 'ambient_risk_mean', 'material_hh_qual3', 'ambient_n_cells_total', 'ambient_share_cells_risk_q90plus', 'ambient_risk_std', 'ivsd_housing_vul', 'ivsd_basic_services_vul', 'material_share_qual2', 'renabap_energy_grid_but_nonstandard_or_informal__share_families', 'estrato_share_seg5', 'material_share_qual1', 'dengue_n_years_with', 'ivsd_demographic_vul', 'ivsd_youth_education_gap', 'dengue_years_since_last_epidemic', 'excl_incidence_std', 'cov_prepaga_to_plan_ratio', 'ivsd_income_vul']",True,COMPLETE
26,1.24554541476384,2025-12-15 09:01:07.133354,2025-12-15 09:01:17.586577,0 days 00:00:10.453223,3.1312888199606,96,10,Lossguide,994,0.0694853260093009,0.0210242261688191,47,1.99825068054615,20,"[42, 1042, 2042]",e7b4420b1259,"[{'cv_seed': 42, 'used_stratified': True, 'fold_rmses': [1.2477377358453825, 1.0855628657453882, 1.202334429992185, 1.3156324067412781, 1.2245368362959197], 'seed_mean': 1.2151608549240307}, {'cv_seed': 1042, 'used_stratified': True, 'fold_rmses': [1.3725363793269774, 1.1398877828591294, 1.2501358506105777, 1.192239496766568, 1.294276193898908], 'seed_mean': 1.2498151406924323}, {'cv_seed': 2042, 'used_stratified': True, 'fold_rmses': [1.3441535779279403, 1.1844953347468996, 1.2548801494207338, 1.388720353670311, 1.1860518276093592], 'seed_mean': 1.2716602486750488}]",1.2455454147638372,"[1.2151608549240307, 1.2498151406924323, 1.2716602486750488]",0.02326253487458798,"['material_share_mid_quality', 'ambient_share_cells_risk_q75plus', 'dengue_incid_prev3', 'dengue_reg_prev3', 'ambient_risk_mean', 'material_hh_qual3', 'ambient_n_cells_total', 'ambient_share_cells_risk_q90plus', 'ambient_risk_std', 'ivsd_housing_vul', 'ivsd_basic_services_vul', 'material_share_qual2', 'renabap_energy_grid_but_nonstandard_or_informal__share_families', 'estrato_share_seg5', 'material_share_qual1', 'dengue_n_years_with', 'ivsd_demographic_vul', 'ivsd_youth_education_gap', 'dengue_years_since_last_epidemic', 'excl_incidence_std']",True,COMPLETE
27,1.22109253178671,2025-12-15 09:01:18.074837,2025-12-15 09:01:20.758720,0 days 00:00:02.683883,2.16620884262186,71,10,Lossguide,984,0.046002826459927,0.0240450662515419,47,1.90883485620594,35,,16d6a0a562a7,,,,,,,PRUNED
28,1.29508631047594,2025-12-15 09:01:21.054674,2025-12-15 09:01:35.240584,0 days 00:00:14.185910,4.19906082171115,86,10,SymmetricTree,1314,0.0125029399950586,0.0113325359377193,33,1.7449573873778,22,,c53eec59b312,,,,,,,PRUNED
29,1.22013470793757,2025-12-15 09:01:35.537507,2025-12-15 09:01:38.019521,0 days 00:00:02.482014,4.84764993084115,63,6,Depthwise,1296,0.647825827144268,0.0130869395293336,21,1.4099964131637,27,,ceee1546e1c2,,,,,,,PRUNED
30,1.25202225075762,2025-12-15 09:01:38.327213,2025-12-15 09:01:52.453774,0 days 00:00:14.126561,2.42860017613123,92,9,Lossguide,1217,0.919203161426838,0.0182657029468723,29,1.96357214318864,21,"[42, 1042, 2042]",49bfecd1cf9b,"[{'cv_seed': 42, 'used_stratified': True, 'fold_rmses': [1.2641770426351382, 1.093421054756358, 1.1951691728770215, 1.2831263095036722, 1.2736674282895826], 'seed_mean': 1.2219122016123545}, {'cv_seed': 1042, 'used_stratified': True, 'fold_rmses': [1.4012430356918555, 1.1492428397387757, 1.2254806145817623, 1.1890186387631856, 1.2889493838588972], 'seed_mean': 1.2507869025268952}, {'cv_seed': 2042, 'used_stratified': True, 'fold_rmses': [1.3473522829081568, 1.2244217196365583, 1.2510611304114843, 1.398498212469421, 1.1955048952424188], 'seed_mean': 1.2833676481336078}]",1.252022250757619,"[1.2219122016123545, 1.2507869025268952, 1.2833676481336078]",0.025104283043868858,"['material_share_mid_quality', 'ambient_share_cells_risk_q75plus', 'dengue_incid_prev3', 'dengue_reg_prev3', 'ambient_risk_mean', 'material_hh_qual3', 'ambient_n_cells_total', 'ambient_share_cells_risk_q90plus', 'ambient_risk_std', 'ivsd_housing_vul', 'ivsd_basic_services_vul', 'material_share_qual2', 'renabap_energy_grid_but_nonstandard_or_informal__share_families', 'estrato_share_seg5', 'material_share_qual1', 'dengue_n_years_with', 'ivsd_demographic_vul', 'ivsd_youth_education_gap', 'dengue_years_since_last_epidemic', 'excl_incidence_std', 'cov_prepaga_to_plan_ratio']",True,COMPLETE
31,1.25143558995974,2025-12-15 09:01:52.928487,2025-12-15 09:02:06.105697,0 days 00:00:13.177210,1.08740192300239,141,9,Lossguide,1252,0.241351097452719,0.019511913741788,32,1.88261133706309,20,"[42, 1042, 2042]",ca5a2420bd3b,"[{'cv_seed': 42, 'used_stratified': True, 'fold_rmses': [1.2634703402151444, 1.0953018249257487, 1.1996037810740534, 1.3436794295270127, 1.2585553572434962], 'seed_mean': 1.232122146597091}, {'cv_seed': 1042, 'used_stratified': True, 'fold_rmses': [1.406477737568624, 1.156974476178641, 1.2298351660505518, 1.1697765033204701, 1.3000098151807253], 'seed_mean': 1.2526147396598024}, {'cv_seed': 2042, 'used_stratified': True, 'fold_rmses': [1.3579365458628947, 1.178422655198936, 1.2483470102390009, 1.379957301259411, 1.1831859055513254], 'seed_mean': 1.2695698836223137}]",1.2514355899597358,"[1.232122146597091, 1.2526147396598024, 1.2695698836223137]",0.015310694466917192,"['material_share_mid_quality', 'ambient_share_cells_risk_q75plus', 'dengue_incid_prev3', 'dengue_reg_prev3', 'ambient_risk_mean', 'material_hh_qual3', 'ambient_n_cells_total', 'ambient_share_cells_risk_q90plus', 'ambient_risk_std', 'ivsd_housing_vul', 'ivsd_basic_services_vul', 'material_share_qual2', 'renabap_energy_grid_but_nonstandard_or_informal__share_families', 'estrato_share_seg5', 'material_share_qual1', 'dengue_n_years_with', 'ivsd_demographic_vul', 'ivsd_youth_education_gap', 'dengue_years_since_last_epidemic', 'excl_incidence_std']",True,COMPLETE
32,1.24723709103501,2025-12-15 09:02:06.573130,2025-12-15 09:02:16.783341,0 days 00:00:10.210211,2.82445697706079,100,9,Lossguide,1359,2.97675382562928,0.0309292874125596,38,1.88097053185694,24,"[42, 1042, 2042]",6da6a473311d,"[{'cv_seed': 42, 'used_stratified': True, 'fold_rmses': [1.2584143962185015, 1.0825636693040295, 1.2108517230384503, 1.2901584055288744, 1.2742502257108135], 'seed_mean': 1.223247683960134}, {'cv_seed': 1042, 'used_stratified': True, 'fold_rmses': [1.3691778370822634, 1.1310907530082621, 1.2379830837375574, 1.1920234991803007, 1.2607575571677918], 'seed_mean': 1.2382065460352352}, {'cv_seed': 2042, 'used_stratified': True, 'fold_rmses': [1.3113070859761309, 1.2190317494812057, 1.2721548774283753, 1.4096394038528408, 1.1891520988098125], 'seed_mean': 1.2802570431096731}]",1.2472370910350141,"[1.223247683960134, 1.2382065460352352, 1.2802570431096731]",0.024134067413859307,"['material_share_mid_quality', 'ambient_share_cells_risk_q75plus', 'dengue_incid_prev3', 'dengue_reg_prev3', 'ambient_risk_mean', 'material_hh_qual3', 'ambient_n_cells_total', 'ambient_share_cells_risk_q90plus', 'ambient_risk_std', 'ivsd_housing_vul', 'ivsd_basic_services_vul', 'material_share_qual2', 'renabap_energy_grid_but_nonstandard_or_informal__share_families', 'estrato_share_seg5', 'material_share_qual1', 'dengue_n_years_with', 'ivsd_demographic_vul', 'ivsd_youth_education_gap', 'dengue_years_since_last_epidemic', 'excl_incidence_std', 'cov_prepaga_to_plan_ratio', 'ivsd_income_vul', 'excl_share_radios_incidence_q90plus', 'refes_n_primary_care']",True,COMPLETE
33,1.25017833202305,2025-12-15 09:02:17.252745,2025-12-15 09:02:40.291385,0 days 00:00:23.038640,0.270448575189231,165,8,Lossguide,1456,0.171835546759481,0.0104265385998314,29,1.66882403912146,23,"[42, 1042, 2042]",cb1efee544d2,"[{'cv_seed': 42, 'used_stratified': True, 'fold_rmses': [1.2520679089910323, 1.1152625322856347, 1.1783223454318577, 1.3070279150834008, 1.252586333525562], 'seed_mean': 1.2210534070634975}, {'cv_seed': 1042, 'used_stratified': True, 'fold_rmses': [1.381949498186386, 1.1600660909739526, 1.2292764744236893, 1.196191457984202, 1.2729228096569114], 'seed_mean': 1.2480812662450282}, {'cv_seed': 2042, 'used_stratified': True, 'fold_rmses': [1.2965361579601409, 1.215350323301123, 1.2663193424902128, 1.4167565498342787, 1.2120392402174054], 'seed_mean': 1.281400322760632}]",1.2501783320230526,"[1.2210534070634975, 1.2480812662450282, 1.281400322760632]",0.02468111048551486,"['material_share_mid_quality', 'ambient_share_cells_risk_q75plus', 'dengue_incid_prev3', 'dengue_reg_prev3', 'ambient_risk_mean', 'material_hh_qual3', 'ambient_n_cells_total', 'ambient_share_cells_risk_q90plus', 'ambient_risk_std', 'ivsd_housing_vul', 'ivsd_basic_services_vul', 'material_share_qual2', 'renabap_energy_grid_but_nonstandard_or_informal__share_families', 'estrato_share_seg5', 'material_share_qual1', 'dengue_n_years_with', 'ivsd_demographic_vul', 'ivsd_youth_education_gap', 'dengue_years_since_last_epidemic', 'excl_incidence_std', 'cov_prepaga_to_plan_ratio', 'ivsd_income_vul', 'excl_share_radios_incidence_q90plus']",True,COMPLETE
34,1.26979079118609,2025-12-15 09:02:40.771456,2025-12-15 09:03:16.476022,0 days 00:00:35.704566,0.126910771187849,130,7,Lossguide,1485,1.35437195788692,0.0104354804697781,16,1.77835369021638,36,"[42, 1042, 2042]",43413eb1b3c2,"[{'cv_seed': 42, 'used_stratified': True, 'fold_rmses': [1.2464049162290987, 1.1417905028829418, 1.2397354670400305, 1.3219220478495428, 1.2652795746983645], 'seed_mean': 1.2430265017399957}, {'cv_seed': 1042, 'used_stratified': True, 'fold_rmses': [1.4223325370295345, 1.1802845395583923, 1.2625939060153422, 1.1964976235613956, 1.3145143957872985], 'seed_mean': 1.2752446003903928}, {'cv_seed': 2042, 'used_stratified': True, 'fold_rmses': [1.3263890770860371, 1.2260597550405568, 1.3112813113005872, 1.3491564657161614, 1.2426197479959957], 'seed_mean': 1.2911012714278676}]",1.2697907911860853,"[1.2430265017399957, 1.2752446003903928, 1.2911012714278676]",0.020001731529432167,"['material_share_mid_quality', 'ambient_share_cells_risk_q75plus', 'dengue_incid_prev3', 'dengue_reg_prev3', 'ambient_risk_mean', 'material_hh_qual3', 'ambient_n_cells_total', 'ambient_share_cells_risk_q90plus', 'ambient_risk_std', 'ivsd_housing_vul', 'ivsd_basic_services_vul', 'material_share_qual2', 'renabap_energy_grid_but_nonstandard_or_informal__share_families', 'estrato_share_seg5', 'material_share_qual1', 'dengue_n_years_with', 'ivsd_demographic_vul', 'ivsd_youth_education_gap', 'dengue_years_since_last_epidemic', 'excl_incidence_std', 'cov_prepaga_to_plan_ratio', 'ivsd_income_vul', 'excl_share_radios_incidence_q90plus', 'refes_n_primary_care', 'dwellings_share_collective', 'excl_share_radios_missing', 'dwellings_people_per_private', 'renabap_housing__top_share_families', 'estrato_share_seg3', 'mort_maternal_infant_per_10k_2020', 'refes_hospitals_per_100k', 'estrato_share_seg4', 'renabap_villa__share_families', 'refes_estabs_per_10k', 'refes_private_share', 'dengue_volatility_incid']",True,COMPLETE
35,1.2887412295045,2025-12-15 09:03:16.966292,2025-12-15 09:03:29.031257,0 days 00:00:12.064965,2.39736159552993,116,9,Lossguide,1336,9.7082147250288,0.039099410967475,49,1.6943119104589,44,"[42, 1042, 2042]",f0581c1248ac,"[{'cv_seed': 42, 'used_stratified': True, 'fold_rmses': [1.2713438851975827, 1.114586260786395, 1.2251772579545153, 1.3542990580884278, 1.286192026508908], 'seed_mean': 1.2503196977071656}, {'cv_seed': 1042, 'used_stratified': True, 'fold_rmses': [1.450933429766926, 1.176720280584224, 1.2969806992334871, 1.2003906911582736, 1.354934387683235], 'seed_mean': 1.2959918976852292}, {'cv_seed': 2042, 'used_stratified': True, 'fold_rmses': [1.3434201861292812, 1.2652001214578739, 1.336689136101728, 1.3886205381519774, 1.265630483764593], 'seed_mean': 1.3199120931210906}]",1.288741229504495,"[1.2503196977071656, 1.2959918976852292, 1.3199120931210906]",0.028869874917895014,"['material_share_mid_quality', 'ambient_share_cells_risk_q75plus', 'dengue_incid_prev3', 'dengue_reg_prev3', 'ambient_risk_mean', 'material_hh_qual3', 'ambient_n_cells_total', 'ambient_share_cells_risk_q90plus', 'ambient_risk_std', 'ivsd_housing_vul', 'ivsd_basic_services_vul', 'material_share_qual2', 'renabap_energy_grid_but_nonstandard_or_informal__share_families', 'estrato_share_seg5', 'material_share_qual1', 'dengue_n_years_with', 'ivsd_demographic_vul', 'ivsd_youth_education_gap', 'dengue_years_since_last_epidemic', 'excl_incidence_std', 'cov_prepaga_to_plan_ratio', 'ivsd_income_vul', 'excl_share_radios_incidence_q90plus', 'refes_n_primary_care', 'dwellings_share_collective', 'excl_share_radios_missing', 'dwellings_people_per_private', 'renabap_housing__top_share_families', 'estrato_share_seg3', 'mort_maternal_infant_per_10k_2020', 'refes_hospitals_per_100k', 'estrato_share_seg4', 'renabap_villa__share_families', 'refes_estabs_per_10k', 'refes_private_share', 'dengue_volatility_incid', 'renabap_water__entropy_families', 'renabap_energy__entropy_families', 'renabap_families_max', 'renabap_water_precarious__share_families', 'dwellings_people_per_collective', 'renabap_heating__top_share_families', 'refes_hospital_share_total', 'dwellings_collective']",True,COMPLETE
36,1.25134109805879,2025-12-15 09:03:29.530650,2025-12-15 09:03:40.342031,0 days 00:00:10.811381,4.46201344038316,120,10,Lossguide,1010,0.127819467178019,0.0226628508693677,44,1.98131656456504,21,"[42, 1042, 2042]",86b081981de7,"[{'cv_seed': 42, 'used_stratified': True, 'fold_rmses': [1.2926570199865326, 1.078647961972841, 1.1864064410347552, 1.3195293226234377, 1.2196246350798958], 'seed_mean': 1.2193730761394925}, {'cv_seed': 1042, 'used_stratified': True, 'fold_rmses': [1.3778671821877553, 1.1864234580236441, 1.2384352038276183, 1.2120173261372116, 1.3045091037469254], 'seed_mean': 1.2638504547846308}, {'cv_seed': 2042, 'used_stratified': True, 'fold_rmses': [1.334790290099737, 1.187676423323009, 1.2443222909016207, 1.3884637819027115, 1.1987460300342168], 'seed_mean': 1.270799763252259}]",1.251341098058794,"[1.2193730761394925, 1.2638504547846308, 1.270799763252259]",0.022782142730938353,"['material_share_mid_quality', 'ambient_share_cells_risk_q75plus', 'dengue_incid_prev3', 'dengue_reg_prev3', 'ambient_risk_mean', 'material_hh_qual3', 'ambient_n_cells_total', 'ambient_share_cells_risk_q90plus', 'ambient_risk_std', 'ivsd_housing_vul', 'ivsd_basic_services_vul', 'material_share_qual2', 'renabap_energy_grid_but_nonstandard_or_informal__share_families', 'estrato_share_seg5', 'material_share_qual1', 'dengue_n_years_with', 'ivsd_demographic_vul', 'ivsd_youth_education_gap', 'dengue_years_since_last_epidemic', 'excl_incidence_std', 'cov_prepaga_to_plan_ratio']",True,COMPLETE
37,1.24923060153226,2025-12-15 09:03:40.844046,2025-12-15 09:03:49.203660,0 days 00:00:08.359614,4.64650848084462,85,10,Lossguide,1481,2.78761111712147,0.0607744518732902,25,1.79831786534501,20,"[42, 1042, 2042]",2db032fd8f16,"[{'cv_seed': 42, 'used_stratified': True, 'fold_rmses': [1.2484040611112253, 1.0793955606505328, 1.193866482867139, 1.2839244311160027, 1.2964839402986614], 'seed_mean': 1.2204148952087122}, {'cv_seed': 1042, 'used_stratified': True, 'fold_rmses': [1.3707146700656423, 1.1707960150962615, 1.2394546069065968, 1.1997036074303558, 1.3070024865921843], 'seed_mean': 1.257534277218208}, {'cv_seed': 2042, 'used_stratified': True, 'fold_rmses': [1.357616178082443, 1.2069144165930237, 1.217732423302316, 1.3886042396370026, 1.177845903234471], 'seed_mean': 1.269742632169851}]",1.2492306015322572,"[1.2204148952087122, 1.257534277218208, 1.269742632169851]",0.020976489710306908,"['material_share_mid_quality', 'ambient_share_cells_risk_q75plus', 'dengue_incid_prev3', 'dengue_reg_prev3', 'ambient_risk_mean', 'material_hh_qual3', 'ambient_n_cells_total', 'ambient_share_cells_risk_q90plus', 'ambient_risk_std', 'ivsd_housing_vul', 'ivsd_basic_services_vul', 'material_share_qual2', 'renabap_energy_grid_but_nonstandard_or_informal__share_families', 'estrato_share_seg5', 'material_share_qual1', 'dengue_n_years_with', 'ivsd_demographic_vul', 'ivsd_youth_education_gap', 'dengue_years_since_last_epidemic', 'excl_incidence_std']",True,COMPLETE
38,1.27682441921565,2025-12-15 09:03:49.685644,2025-12-15 09:03:56.678032,0 days 00:00:06.992388,4.32994229526399,125,10,Lossguide,1443,2.78862962137095,0.141886000476945,17,1.45891793940576,20,"[42, 1042, 2042]",6786a6d3481e,"[{'cv_seed': 42, 'used_stratified': True, 'fold_rmses': [1.296710207233587, 1.0894725501375577, 1.183092215744754, 1.3841330934094087, 1.2857180339607193], 'seed_mean': 1.2478252200972055}, {'cv_seed': 1042, 'used_stratified': True, 'fold_rmses': [1.3589779793545755, 1.1534601541824014, 1.2906382973814257, 1.2122302226848862, 1.314470992013845], 'seed_mean': 1.2659555291234268}, {'cv_seed': 2042, 'used_stratified': True, 'fold_rmses': [1.4114705166571122, 1.2116690675262842, 1.259556239332551, 1.4851901506139609, 1.2155765680016044], 'seed_mean': 1.3166925084263026}]",1.276824419215645,"[1.2478252200972055, 1.2659555291234268, 1.3166925084263026]",0.029146474107265938,"['material_share_mid_quality', 'ambient_share_cells_risk_q75plus', 'dengue_incid_prev3', 'dengue_reg_prev3', 'ambient_risk_mean', 'material_hh_qual3', 'ambient_n_cells_total', 'ambient_share_cells_risk_q90plus', 'ambient_risk_std', 'ivsd_housing_vul', 'ivsd_basic_services_vul', 'material_share_qual2', 'renabap_energy_grid_but_nonstandard_or_informal__share_families', 'estrato_share_seg5', 'material_share_qual1', 'dengue_n_years_with', 'ivsd_demographic_vul', 'ivsd_youth_education_gap', 'dengue_years_since_last_epidemic', 'excl_incidence_std']",True,COMPLETE
39,1.21757943685683,2025-12-15 09:03:57.190059,2025-12-15 09:03:59.570921,0 days 00:00:02.380862,4.63906537852525,54,10,Lossguide,1364,1.2790998506893,0.0467778701826788,30,1.69387788276347,40,,f2770b6ac32e,,,,,,,PRUNED
40,1.19654849868969,2025-12-15 09:03:59.885888,2025-12-15 09:04:01.597256,0 days 00:00:01.711368,4.83739210548473,72,10,Depthwise,1270,0.169223776086586,0.125431091512741,29,1.97324977649476,22,,05fcbcb816df,,,,,,,PRUNED
41,1.29268867536606,2025-12-15 09:04:01.903400,2025-12-15 09:04:23.661761,0 days 00:00:21.758361,0.303137211291256,148,9,SymmetricTree,1459,0.0578367475669859,0.0145448582548214,31,1.2314012030017,33,,d205ee76a2e0,,,,,,,PRUNED
42,1.19602942633896,2025-12-15 09:04:23.969914,2025-12-15 09:04:27.620284,0 days 00:00:03.650370,0.353148756928581,210,9,Depthwise,1431,0.906140534624861,0.0226200839902201,39,1.66812975112128,30,,b32aa4a71853,,,,,,,PRUNED
43,1.19831941480101,2025-12-15 09:04:27.926145,2025-12-15 09:04:30.501778,0 days 00:00:02.575633,0.0282785976449064,171,6,Lossguide,1419,0.0670525097210647,0.0166928997626698,31,1.21525385559772,20,,7af9f5738f86,,,,,,,PRUNED
44,1.26105402873686,2025-12-15 09:04:30.811487,2025-12-15 09:04:39.251427,0 days 00:00:08.439940,4.9952463480301,40,10,Lossguide,1384,1.64424589080175,0.0528038683314992,9,1.82302256780264,21,"[42, 1042, 2042]",e04ba1877c49,"[{'cv_seed': 42, 'used_stratified': True, 'fold_rmses': [1.2813896550643986, 1.0732239246507773, 1.1672357170822438, 1.3355999971576096, 1.2742093910751557], 'seed_mean': 1.2263317370060371}, {'cv_seed': 1042, 'used_stratified': True, 'fold_rmses': [1.4185797481309903, 1.1660880445598532, 1.264084358648119, 1.1978351389569861, 1.2742876902465763], 'seed_mean': 1.264174996108505}, {'cv_seed': 2042, 'used_stratified': True, 'fold_rmses': [1.3025180183374532, 1.2368629955436823, 1.2993457264248562, 1.4077121359227311, 1.2168378892513938], 'seed_mean': 1.2926553530960234}]",1.2610540287368552,"[1.2263317370060371, 1.264174996108505, 1.2926553530960234]",0.0271662884327144,"['material_share_mid_quality', 'ambient_share_cells_risk_q75plus', 'dengue_incid_prev3', 'dengue_reg_prev3', 'ambient_risk_mean', 'material_hh_qual3', 'ambient_n_cells_total', 'ambient_share_cells_risk_q90plus', 'ambient_risk_std', 'ivsd_housing_vul', 'ivsd_basic_services_vul', 'material_share_qual2', 'renabap_energy_grid_but_nonstandard_or_informal__share_families', 'estrato_share_seg5', 'material_share_qual1', 'dengue_n_years_with', 'ivsd_demographic_vul', 'ivsd_youth_education_gap', 'dengue_years_since_last_epidemic', 'excl_incidence_std', 'cov_prepaga_to_plan_ratio']",True,COMPLETE
45,1.27529234755598,2025-12-15 09:04:39.752283,2025-12-15 09:04:47.575035,0 days 00:00:07.822752,3.70288848520657,77,10,SymmetricTree,1455,6.28155535960377,0.0614220042815654,20,1.90934288491879,24,,922d56de116b,,,,,,,PRUNED
46,1.22152394478007,2025-12-15 09:04:47.876700,2025-12-15 09:04:49.691576,0 days 00:00:01.814876,1.37260034351096,87,7,Lossguide,1366,4.8715985904547,0.0581771762647196,32,1.15447880204029,24,,150ebaad8aa4,,,,,,,PRUNED
47,1.2166877215509,2025-12-15 09:04:49.993486,2025-12-15 09:04:56.743832,0 days 00:00:06.750346,1.33122903738329,198,9,Lossguide,1474,0.0399008846745391,0.012081509186294,41,1.69586772685191,53,,5efbc1f229e1,,,,,,,PRUNED
48,1.26207410962265,2025-12-15 09:04:57.050533,2025-12-15 09:05:04.885796,0 days 00:00:07.835263,4.02645444315338,49,7,Lossguide,1478,0.757410240409932,0.0297550055655643,32,1.78645625996674,21,"[42, 1042, 2042]",badfd3acf5b9,"[{'cv_seed': 42, 'used_stratified': True, 'fold_rmses': [1.2740765183142226, 1.0715101163111564, 1.2139600748670725, 1.3112710098232554, 1.328363775737921], 'seed_mean': 1.2398362990107255}, {'cv_seed': 1042, 'used_stratified': True, 'fold_rmses': [1.409136223882123, 1.163063166715689, 1.2669371356849997, 1.222847966164841, 1.2866571967079998], 'seed_mean': 1.2697283378311306}, {'cv_seed': 2042, 'used_stratified': True, 'fold_rmses': [1.3358194847428722, 1.2166048932967426, 1.252923156036685, 1.3774819621567136, 1.2004589638975107], 'seed_mean': 1.2766576920261048}]",1.2620741096226535,"[1.2398362990107255, 1.2697283378311306, 1.2766576920261048]",0.01597694491027285,"['material_share_mid_quality', 'ambient_share_cells_risk_q75plus', 'dengue_incid_prev3', 'dengue_reg_prev3', 'ambient_risk_mean', 'material_hh_qual3', 'ambient_n_cells_total', 'ambient_share_cells_risk_q90plus', 'ambient_risk_std', 'ivsd_housing_vul', 'ivsd_basic_services_vul', 'material_share_qual2', 'renabap_energy_grid_but_nonstandard_or_informal__share_families', 'estrato_share_seg5', 'material_share_qual1', 'dengue_n_years_with', 'ivsd_demographic_vul', 'ivsd_youth_education_gap', 'dengue_years_since_last_epidemic', 'excl_incidence_std', 'cov_prepaga_to_plan_ratio']",True,COMPLETE
49,1.25127056813875,2025-12-15 09:05:05.381044,2025-12-15 09:05:40.148116,0 days 00:00:34.767072,4.72582740353115,135,10,Depthwise,1346,8.94511889996186,0.0152695256969915,15,1.73203369199053,25,"[42, 1042, 2042]",458a663aac90,"[{'cv_seed': 42, 'used_stratified': True, 'fold_rmses': [1.2644206481981415, 1.1072857274706405, 1.2144544511695219, 1.307648768366989, 1.2766212933782455], 'seed_mean': 1.2340861777167078}, {'cv_seed': 1042, 'used_stratified': True, 'fold_rmses': [1.4121385194000629, 1.177667179563389, 1.2384463481563248, 1.2056516110277389, 1.2535574601113926], 'seed_mean': 1.2574922236517816}, {'cv_seed': 2042, 'used_stratified': True, 'fold_rmses': [1.2928317982355888, 1.220221457405351, 1.2488311235772516, 1.3774379846896045, 1.1718441513310554], 'seed_mean': 1.2622333030477704}]",1.251270568138753,"[1.2340861777167078, 1.2574922236517816, 1.2622333030477704]",0.012304387133396306,"['material_share_mid_quality', 'ambient_share_cells_risk_q75plus', 'dengue_incid_prev3', 'dengue_reg_prev3', 'ambient_risk_mean', 'material_hh_qual3', 'ambient_n_cells_total', 'ambient_share_cells_risk_q90plus', 'ambient_risk_std', 'ivsd_housing_vul', 'ivsd_basic_services_vul', 'material_share_qual2', 'renabap_energy_grid_but_nonstandard_or_informal__share_families', 'estrato_share_seg5', 'material_share_qual1', 'dengue_n_years_with', 'ivsd_demographic_vul', 'ivsd_youth_education_gap', 'dengue_years_since_last_epidemic', 'excl_incidence_std', 'cov_prepaga_to_plan_ratio', 'ivsd_income_vul', 'excl_share_radios_incidence_q90plus', 'refes_n_primary_care', 'dwellings_share_collective']",True,COMPLETE
50,1.25250332000552,2025-12-15 09:05:40.625497,2025-12-15 09:05:47.860729,0 days 00:00:07.235232,3.48920300971485,92,9,SymmetricTree,1166,0.341751414020406,0.0192951694568893,16,1.90656539298168,21,,099e94d7c1ac,,,,,,,PRUNED
51,1.20324063226382,2025-12-15 09:05:48.174209,2025-12-15 09:05:56.692837,0 days 00:00:08.518628,4.05978043407639,135,10,Depthwise,1128,5.86078272323458,0.0137938867487774,10,1.21030248957818,28,,bfb55695e057,,,,,,,PRUNED
52,1.23396548308347,2025-12-15 09:05:56.994210,2025-12-15 09:06:02.101573,0 days 00:00:05.107363,4.24417854751557,175,8,Depthwise,1265,1.77595563531941,0.0229633409225453,17,1.95191500022632,41,,428a760b644f,,,,,,,PRUNED
53,1.25291064073971,2025-12-15 09:06:02.404159,2025-12-15 09:06:10.112564,0 days 00:00:07.708405,4.05711162817932,82,9,Lossguide,1400,6.01394073987004,0.0687427189324306,35,1.79585410375499,20,"[42, 1042, 2042]",94ca9dfde9e8,"[{'cv_seed': 42, 'used_stratified': True, 'fold_rmses': [1.2595354225439788, 1.0607784612136102, 1.1870857913224404, 1.2904716652492265, 1.3110277498302514], 'seed_mean': 1.2217798180319015}, {'cv_seed': 1042, 'used_stratified': True, 'fold_rmses': [1.398815299594172, 1.15152939201257, 1.2418573852549837, 1.2068445426950176, 1.31822734296334], 'seed_mean': 1.2634547925040167}, {'cv_seed': 2042, 'used_stratified': True, 'fold_rmses': [1.3368042633544812, 1.1797811877046227, 1.2676270221782726, 1.3648723940057912, 1.2184016911729163], 'seed_mean': 1.273497311683217}]",1.2529106407397117,"[1.2217798180319015, 1.2634547925040167, 1.273497311683217]",0.022391354577380743,"['material_share_mid_quality', 'ambient_share_cells_risk_q75plus', 'dengue_incid_prev3', 'dengue_reg_prev3', 'ambient_risk_mean', 'material_hh_qual3', 'ambient_n_cells_total', 'ambient_share_cells_risk_q90plus', 'ambient_risk_std', 'ivsd_housing_vul', 'ivsd_basic_services_vul', 'material_share_qual2', 'renabap_energy_grid_but_nonstandard_or_informal__share_families', 'estrato_share_seg5', 'material_share_qual1', 'dengue_n_years_with', 'ivsd_demographic_vul', 'ivsd_youth_education_gap', 'dengue_years_since_last_epidemic', 'excl_incidence_std']",True,COMPLETE
54,1.21834454453062,2025-12-15 09:06:10.603011,2025-12-15 09:06:16.895874,0 days 00:00:06.292863,2.50211060725863,89,8,Lossguide,1492,0.0334497969542421,0.0101705311869563,25,1.51876992002983,43,,71250a64dc43,,,,,,,PRUNED
55,1.20749280251288,2025-12-15 09:06:17.201351,2025-12-15 09:06:24.358202,0 days 00:00:07.156851,1.8386223687127,144,8,SymmetricTree,1488,9.33684691904326,0.0279312910107266,30,1.86386512526719,23,,c5d6af429b29,,,,,,,PRUNED
56,1.20852754516371,2025-12-15 09:06:24.673257,2025-12-15 09:06:28.810286,0 days 00:00:04.137029,3.30641732028999,88,10,Lossguide,1227,0.175018852607114,0.01554115298338,16,1.30934513346228,27,,fbc7d8f6d432,,,,,,,PRUNED
57,1.20116435189901,2025-12-15 09:06:29.107745,2025-12-15 09:06:36.822338,0 days 00:00:07.714593,3.75713964490885,169,10,Lossguide,1184,5.85863971631228,0.0130858126666944,11,1.78369058256113,31,,91b80287e449,,,,,,,PRUNED
58,1.20301011536546,2025-12-15 09:06:37.125058,2025-12-15 09:06:49.744975,0 days 00:00:12.619917,4.86876709997792,162,10,Depthwise,1477,4.32644119449875,0.0121929843988973,8,1.64478212671658,30,,09a2b8d0fe96,,,,,,,PRUNED
59,1.25976336951215,2025-12-15 09:06:50.041897,2025-12-15 09:07:06.132497,0 days 00:00:16.090600,4.32075088471751,149,10,Depthwise,1487,9.5023988038455,0.0189037479166149,38,1.29840313442967,24,"[42, 1042, 2042]",b5767a5ab471,"[{'cv_seed': 42, 'used_stratified': True, 'fold_rmses': [1.2380592205380099, 1.1035294092109225, 1.1949249911430178, 1.3028208179779377, 1.2627352375603145], 'seed_mean': 1.2204139352860406}, {'cv_seed': 1042, 'used_stratified': True, 'fold_rmses': [1.4097167730389075, 1.1814414021180106, 1.2740444939087023, 1.2245967652332037, 1.320494656766155], 'seed_mean': 1.282058818212996}, {'cv_seed': 2042, 'used_stratified': True, 'fold_rmses': [1.3039083356589523, 1.226308515798799, 1.2741295243743578, 1.3771138886488588, 1.2026265107060923], 'seed_mean': 1.276817355037412}]",1.2597633695121495,"[1.2204139352860406, 1.282058818212996, 1.276817355037412]",0.027906411622796234,"['material_share_mid_quality', 'ambient_share_cells_risk_q75plus', 'dengue_incid_prev3', 'dengue_reg_prev3', 'ambient_risk_mean', 'material_hh_qual3', 'ambient_n_cells_total', 'ambient_share_cells_risk_q90plus', 'ambient_risk_std', 'ivsd_housing_vul', 'ivsd_basic_services_vul', 'material_share_qual2', 'renabap_energy_grid_but_nonstandard_or_informal__share_families', 'estrato_share_seg5', 'material_share_qual1', 'dengue_n_years_with', 'ivsd_demographic_vul', 'ivsd_youth_education_gap', 'dengue_years_since_last_epidemic', 'excl_incidence_std', 'cov_prepaga_to_plan_ratio', 'ivsd_income_vul', 'excl_share_radios_incidence_q90plus', 'refes_n_primary_care']",True,COMPLETE
60,1.25026480179201,2025-12-15 09:07:06.600590,2025-12-15 09:07:29.442534,0 days 00:00:22.841944,0.469481536475351,168,8,Depthwise,1402,0.14128622032587,0.0101403093794131,30,1.93077399719251,24,"[42, 1042, 2042]",a450c27d4b91,"[{'cv_seed': 42, 'used_stratified': True, 'fold_rmses': [1.2527785924239012, 1.1131898290388116, 1.2012691264287365, 1.306101680993919, 1.2630556924927714], 'seed_mean': 1.2272789842756278}, {'cv_seed': 1042, 'used_stratified': True, 'fold_rmses': [1.3935533324229892, 1.1498193443552562, 1.2202792557424316, 1.2006437518232913, 1.2699811692793717], 'seed_mean': 1.246855370724668}, {'cv_seed': 2042, 'used_stratified': True, 'fold_rmses': [1.3037586583376002, 1.2224427859703315, 1.2653652852752681, 1.388419993505447, 1.2033135287899508], 'seed_mean': 1.2766600503757195}]",1.250264801792005,"[1.2272789842756278, 1.246855370724668, 1.2766600503757195]",0.02030337553951067,"['material_share_mid_quality', 'ambient_share_cells_risk_q75plus', 'dengue_incid_prev3', 'dengue_reg_prev3', 'ambient_risk_mean', 'material_hh_qual3', 'ambient_n_cells_total', 'ambient_share_cells_risk_q90plus', 'ambient_risk_std', 'ivsd_housing_vul', 'ivsd_basic_services_vul', 'material_share_qual2', 'renabap_energy_grid_but_nonstandard_or_informal__share_families', 'estrato_share_seg5', 'material_share_qual1', 'dengue_n_years_with', 'ivsd_demographic_vul', 'ivsd_youth_education_gap', 'dengue_years_since_last_epidemic', 'excl_incidence_std', 'cov_prepaga_to_plan_ratio', 'ivsd_income_vul', 'excl_share_radios_incidence_q90plus', 'refes_n_primary_care']",True,COMPLETE
61,1.25006001456713,2025-12-15 09:07:29.924613,2025-12-15 09:07:34.801342,0 days 00:00:04.876729,0.628299729811194,133,7,Depthwise,974,0.633945833708481,0.0100107281578674,27,1.97237398690232,47,,24b01c438ac8,,,,,,,PRUNED
62,1.2019401294004,2025-12-15 09:07:35.099615,2025-12-15 09:07:38.582263,0 days 00:00:03.482648,0.363881790492605,123,10,Depthwise,1456,0.130421957311623,0.013433751556614,32,1.89194295128203,26,,3ce1dc3e1c71,,,,,,,PRUNED
63,1.25980834259509,2025-12-15 09:07:38.873503,2025-12-15 09:08:04.789372,0 days 00:00:25.915869,0.109026862606085,169,9,Lossguide,1496,0.194670963333374,0.0128093725230128,27,1.50838079393859,29,"[42, 1042, 2042]",cd0d608562e9,"[{'cv_seed': 42, 'used_stratified': True, 'fold_rmses': [1.2641892511131243, 1.1151980447824181, 1.219937947081639, 1.299494467802838, 1.278627732306979], 'seed_mean': 1.2354894886173997}, {'cv_seed': 1042, 'used_stratified': True, 'fold_rmses': [1.4350991862536362, 1.1493182902086854, 1.23408859506982, 1.1971742422221956, 1.2834304712087534], 'seed_mean': 1.2598221569926182}, {'cv_seed': 2042, 'used_stratified': True, 'fold_rmses': [1.317205438899405, 1.230773919636775, 1.2724162327416784, 1.391281052760235, 1.2088902668382198], 'seed_mean': 1.2841133821752624}]",1.2598083425950934,"[1.2354894886173997, 1.2598221569926182, 1.2841133821752624]",0.019850623824114847,"['material_share_mid_quality', 'ambient_share_cells_risk_q75plus', 'dengue_incid_prev3', 'dengue_reg_prev3', 'ambient_risk_mean', 'material_hh_qual3', 'ambient_n_cells_total', 'ambient_share_cells_risk_q90plus', 'ambient_risk_std', 'ivsd_housing_vul', 'ivsd_basic_services_vul', 'material_share_qual2', 'renabap_energy_grid_but_nonstandard_or_informal__share_families', 'estrato_share_seg5', 'material_share_qual1', 'dengue_n_years_with', 'ivsd_demographic_vul', 'ivsd_youth_education_gap', 'dengue_years_since_last_epidemic', 'excl_incidence_std', 'cov_prepaga_to_plan_ratio', 'ivsd_income_vul', 'excl_share_radios_incidence_q90plus', 'refes_n_primary_care', 'dwellings_share_collective', 'excl_share_radios_missing', 'dwellings_people_per_private', 'renabap_housing__top_share_families', 'estrato_share_seg3']",True,COMPLETE
64,1.24160819130839,2025-12-15 09:08:05.266199,2025-12-15 09:08:09.507934,0 days 00:00:04.241735,0.38890198209085,140,7,Depthwise,1357,0.0178006044435443,0.0106907822570409,45,1.98633677868416,43,,238f5d63e924,,,,,,,PRUNED
65,1.19300572092598,2025-12-15 09:08:09.795812,2025-12-15 09:08:15.171480,0 days 00:00:05.375668,0.0598802123452587,204,7,Lossguide,1414,0.412621814083221,0.0100947420045481,38,1.99034466779222,30,,29beb9700552,,,,,,,PRUNED
66,1.36512449830314,2025-12-15 09:08:15.478110,2025-12-15 09:08:25.671843,0 days 00:00:10.193733,2.4792259388041,116,10,SymmetricTree,941,0.0513511522821115,0.0435051888015581,47,1.36257534203246,30,,0bea3a350c34,,,,,,,PRUNED
67,1.19643162834542,2025-12-15 09:08:25.984986,2025-12-15 09:08:30.788942,0 days 00:00:04.803956,0.579310612978607,241,9,Depthwise,1135,0.0622499678543914,0.0132269897089349,29,1.58337433175756,27,,f1b9a8fd5d03,,,,,,,PRUNED
68,1.20174273069361,2025-12-15 09:08:31.086792,2025-12-15 09:08:34.566753,0 days 00:00:03.479961,0.00714648424822945,146,7,Depthwise,1451,0.445655261914342,0.0130598650828574,40,1.5911068567291,30,,9eaea16be596,,,,,,,PRUNED
69,1.25641163494505,2025-12-15 09:08:34.866749,2025-12-15 09:08:45.359607,0 days 00:00:10.492858,3.21686174446262,183,6,Lossguide,1276,1.00482601105734,0.0266840147597714,40,1.55590299546895,25,"[42, 1042, 2042]",ed3892810eff,"[{'cv_seed': 42, 'used_stratified': True, 'fold_rmses': [1.2399743371096805, 1.106727323843261, 1.1963690872879853, 1.3446800486783483, 1.2794088202201546], 'seed_mean': 1.233431923427886}, {'cv_seed': 1042, 'used_stratified': True, 'fold_rmses': [1.3976584490135808, 1.155051570833706, 1.2061150167920387, 1.2240088394621549, 1.277045827740586], 'seed_mean': 1.2519759407684135}, {'cv_seed': 2042, 'used_stratified': True, 'fold_rmses': [1.3207784141844379, 1.2390407448979652, 1.2736337335872638, 1.3842374009288603, 1.20144490959576], 'seed_mean': 1.2838270406388577}]",1.2564116349450525,"[1.233431923427886, 1.2519759407684135, 1.2838270406388577]",0.020811431102455723,"['material_share_mid_quality', 'ambient_share_cells_risk_q75plus', 'dengue_incid_prev3', 'dengue_reg_prev3', 'ambient_risk_mean', 'material_hh_qual3', 'ambient_n_cells_total', 'ambient_share_cells_risk_q90plus', 'ambient_risk_std', 'ivsd_housing_vul', 'ivsd_basic_services_vul', 'material_share_qual2', 'renabap_energy_grid_but_nonstandard_or_informal__share_families', 'estrato_share_seg5', 'material_share_qual1', 'dengue_n_years_with', 'ivsd_demographic_vul', 'ivsd_youth_education_gap', 'dengue_years_since_last_epidemic', 'excl_incidence_std', 'cov_prepaga_to_plan_ratio', 'ivsd_income_vul', 'excl_share_radios_incidence_q90plus', 'refes_n_primary_care', 'dwellings_share_collective']",True,COMPLETE
70,1.20418655764083,2025-12-15 09:08:45.835736,2025-12-15 09:08:47.943867,0 days 00:00:02.108131,3.51294579134983,145,9,Lossguide,936,0.63035805410073,0.0809831285382714,34,1.32638167995451,31,,dc7585025f7c,,,,,,,PRUNED
71,1.21017213985023,2025-12-15 09:08:48.241112,2025-12-15 09:08:50.321174,0 days 00:00:02.080062,4.89311574715214,62,9,Lossguide,981,0.0803050732504108,0.0424139016680312,45,1.87752634901458,26,,7b48da0b80c6,,,,,,,PRUNED
72,1.25116483017737,2025-12-15 09:08:50.616280,2025-12-15 09:09:02.884113,0 days 00:00:12.267833,3.59321269885752,138,10,Lossguide,961,0.0210060728453977,0.0241221347320273,45,1.91470058489368,25,"[42, 1042, 2042]",1034132ec31d,"[{'cv_seed': 42, 'used_stratified': True, 'fold_rmses': [1.2414905465798078, 1.0984671628722171, 1.198664089030814, 1.3492974445896753, 1.2595718813115433], 'seed_mean': 1.2294982248768114}, {'cv_seed': 1042, 'used_stratified': True, 'fold_rmses': [1.3966755433677935, 1.1825025263330227, 1.1900852444871541, 1.2098806742553998, 1.2567805650953467], 'seed_mean': 1.2471849107077433}, {'cv_seed': 2042, 'used_stratified': True, 'fold_rmses': [1.2965932149565718, 1.2120102043015062, 1.2693483823020393, 1.3935911033554826, 1.2125138698222189], 'seed_mean': 1.2768113549475637}]",1.2511648301773728,"[1.2294982248768114, 1.2471849107077433, 1.2768113549475637]",0.019519441394184996,"['material_share_mid_quality', 'ambient_share_cells_risk_q75plus', 'dengue_incid_prev3', 'dengue_reg_prev3', 'ambient_risk_mean', 'material_hh_qual3', 'ambient_n_cells_total', 'ambient_share_cells_risk_q90plus', 'ambient_risk_std', 'ivsd_housing_vul', 'ivsd_basic_services_vul', 'material_share_qual2', 'renabap_energy_grid_but_nonstandard_or_informal__share_families', 'estrato_share_seg5', 'material_share_qual1', 'dengue_n_years_with', 'ivsd_demographic_vul', 'ivsd_youth_education_gap', 'dengue_years_since_last_epidemic', 'excl_incidence_std', 'cov_prepaga_to_plan_ratio', 'ivsd_income_vul', 'excl_share_radios_incidence_q90plus', 'refes_n_primary_care', 'dwellings_share_collective']",True,COMPLETE
73,1.26224349944344,2025-12-15 09:09:03.360023,2025-12-15 09:09:11.835217,0 days 00:00:08.475194,3.02553705033374,148,9,Lossguide,926,0.0245036990000278,0.0495804160419762,33,1.84304620892675,22,"[42, 1042, 2042]",639344383c60,"[{'cv_seed': 42, 'used_stratified': True, 'fold_rmses': [1.2333633989705237, 1.093673816055282, 1.1896713533584886, 1.3250130276401055, 1.2247449656124125], 'seed_mean': 1.2132933123273626}, {'cv_seed': 1042, 'used_stratified': True, 'fold_rmses': [1.406228543318438, 1.2246738590539636, 1.242415092318394, 1.2253565609510932, 1.2776069567705712], 'seed_mean': 1.2752562024824923}, {'cv_seed': 2042, 'used_stratified': True, 'fold_rmses': [1.347200235897244, 1.2358619104162767, 1.2321803722605111, 1.369809145410697, 1.3058532536175602], 'seed_mean': 1.2981809835204576}]",1.2622434994434375,"[1.2132933123273626, 1.2752562024824923, 1.2981809835204576]",0.03585598053727089,"['material_share_mid_quality', 'ambient_share_cells_risk_q75plus', 'dengue_incid_prev3', 'dengue_reg_prev3', 'ambient_risk_mean', 'material_hh_qual3', 'ambient_n_cells_total', 'ambient_share_cells_risk_q90plus', 'ambient_risk_std', 'ivsd_housing_vul', 'ivsd_basic_services_vul', 'material_share_qual2', 'renabap_energy_grid_but_nonstandard_or_informal__share_families', 'estrato_share_seg5', 'material_share_qual1', 'dengue_n_years_with', 'ivsd_demographic_vul', 'ivsd_youth_education_gap', 'dengue_years_since_last_epidemic', 'excl_incidence_std', 'cov_prepaga_to_plan_ratio', 'ivsd_income_vul']",True,COMPLETE
74,1.19147669723721,2025-12-15 09:09:12.310566,2025-12-15 09:09:15.313723,0 days 00:00:03.003157,2.94150246937427,135,10,Lossguide,1003,0.0108942383223645,0.0179159912854099,44,1.97470818921681,26,,63cb78025037,,,,,,,PRUNED
75,1.24976744413287,2025-12-15 09:09:15.612999,2025-12-15 09:09:45.294496,0 days 00:00:29.681497,3.36273165769979,119,10,Depthwise,1314,7.29695704655397,0.0116618007788518,19,1.73123057190498,23,"[42, 1042, 2042]",a43f408b486a,"[{'cv_seed': 42, 'used_stratified': True, 'fold_rmses': [1.269089623641167, 1.090194554486316, 1.2023170649601334, 1.3156454309550603, 1.263974122105944], 'seed_mean': 1.2282441592297242}, {'cv_seed': 1042, 'used_stratified': True, 'fold_rmses': [1.368793143319804, 1.1705227735745514, 1.2462695423456212, 1.203826436763631, 1.2551331906272418], 'seed_mean': 1.2489090173261699}, {'cv_seed': 2042, 'used_stratified': True, 'fold_rmses': [1.3319911941862397, 1.2174907485325688, 1.2515135630943566, 1.3799278253962686, 1.1798224480041224], 'seed_mean': 1.2721491558427112}]",1.2497674441328683,"[1.2282441592297242, 1.2489090173261699, 1.2721491558427112]",0.017934414855865676,"['material_share_mid_quality', 'ambient_share_cells_risk_q75plus', 'dengue_incid_prev3', 'dengue_reg_prev3', 'ambient_risk_mean', 'material_hh_qual3', 'ambient_n_cells_total', 'ambient_share_cells_risk_q90plus', 'ambient_risk_std', 'ivsd_housing_vul', 'ivsd_basic_services_vul', 'material_share_qual2', 'renabap_energy_grid_but_nonstandard_or_informal__share_families', 'estrato_share_seg5', 'material_share_qual1', 'dengue_n_years_with', 'ivsd_demographic_vul', 'ivsd_youth_education_gap', 'dengue_years_since_last_epidemic', 'excl_incidence_std', 'cov_prepaga_to_plan_ratio', 'ivsd_income_vul', 'excl_share_radios_incidence_q90plus']",True,COMPLETE
76,1.20962913717478,2025-12-15 09:09:45.783685,2025-12-15 09:09:49.803122,0 days 00:00:04.019437,1.70603797431485,162,10,Depthwise,1285,3.53141946956059,0.0310801435971955,14,1.4393725351499,29,,e8ce4ce1a73b,,,,,,,PRUNED
77,1.24779564078994,2025-12-15 09:09:50.108141,2025-12-15 09:10:08.619147,0 days 00:00:18.511006,3.65260994006539,111,9,Lossguide,1347,0.206113089877139,0.0166729616223092,22,1.90416409954988,24,"[42, 1042, 2042]",241b9b77e96d,"[{'cv_seed': 42, 'used_stratified': True, 'fold_rmses': [1.2626066972677215, 1.0960547107101029, 1.2077030668872173, 1.2832817330776494, 1.2686991830658183], 'seed_mean': 1.2236690782017017}, {'cv_seed': 1042, 'used_stratified': True, 'fold_rmses': [1.4053961454919066, 1.1492858761058276, 1.2231693913179669, 1.1830427684567277, 1.2510683195660215], 'seed_mean': 1.24239250018769}, {'cv_seed': 2042, 'used_stratified': True, 'fold_rmses': [1.3006706632290699, 1.212262471957522, 1.2611887482300093, 1.4250440508375324, 1.1874607856480637], 'seed_mean': 1.2773253439804395}]",1.2477956407899438,"[1.2236690782017017, 1.24239250018769, 1.2773253439804395]",0.02223576939086255,"['material_share_mid_quality', 'ambient_share_cells_risk_q75plus', 'dengue_incid_prev3', 'dengue_reg_prev3', 'ambient_risk_mean', 'material_hh_qual3', 'ambient_n_cells_total', 'ambient_share_cells_risk_q90plus', 'ambient_risk_std', 'ivsd_housing_vul', 'ivsd_basic_services_vul', 'material_share_qual2', 'renabap_energy_grid_but_nonstandard_or_informal__share_families', 'estrato_share_seg5', 'material_share_qual1', 'dengue_n_years_with', 'ivsd_demographic_vul', 'ivsd_youth_education_gap', 'dengue_years_since_last_epidemic', 'excl_incidence_std', 'cov_prepaga_to_plan_ratio', 'ivsd_income_vul', 'excl_share_radios_incidence_q90plus', 'refes_n_primary_care']",True,COMPLETE
